Level,Salary
1,17386
1,14498
1,18715
1,23378
1,14878
1,15163
1,24514
1,20738
1,14837
1,20179
1,15431
1,15701
1,19520
1,10000
1,10244
1,16336
1,14361
1,21274
1,15439
1,13193
1,27858
1,19676
1,21416
1,14228
1,18903
1,22452
1,16414
1,24318
1,19706
1,21521
1,20240
1,32778
1,23717
1,18763
1,28430
1,18479
1,25893
1,15315
1,18736
1,26624
1,29595
1,27022
1,25848
1,25181
1,19555
1,23607
1,25162
1,33009
1,29700
1,19423
1,30115
1,26825
1,25621
1,32319
1,34670
1,34424
1,25825
1,28727
1,32181
1,35653
1,28630
1,30347
1,25992
1,25792
1,36083
1,39049
1,32154
1,37778
1,34814
1,30025
1,35302
1,41428
1,33802
1,42047
1,21367
1,38816
1,35382
1,33692
1,35885
1,25727
1,34805
1,37926
1,43767
1,34023
1,32808
1,34576
1,41897
1,39198
1,35138
1,40586
1,38738
1,43327
1,35205
1,37307
1,37215
1,32087
1,41114
1,41166
1,40114
1,39143
1,33465
1,38664
1,39279
1,37206
1,40635
1,43685
1,51318
1,42983
1,43619
1,42180
1,33179
1,42860
1,43513
1,55747
1,42687
1,45375
1,43910
1,38457
1,50230
1,48491
1,48902
1,40614
1,52388
1,38578
1,48734
1,56964
1,41270
1,43602
1,47142
1,44336
1,39309
1,47614
1,42168
1,50054
1,43296
1,55849
1,44389
1,46900
1,52782
1,42765
1,50260
1,55861
1,41490
1,50652
1,51230
1,54040
1,44147
1,43929
1,53340
1,52413
1,52379
1,53056
1,48120
1,52878
1,53378
1,48536
1,61631
1,54865
1,46733
1,56165
1,48201
1,57202
1,59251
1,49545
1,58656
1,56093
1,58328
2,63890
2,53368
2,51013
2,50521
2,51076
2,54956
2,57233
2,57095
2,60032
2,56145
2,63531
2,55122
2,70229
2,59938
2,52705
2,51817
2,59764
2,56413
2,61280
2,60254
2,57702
2,54009
2,50846
2,56364
2,63054
2,60018
2,52894
2,60163
2,61397
2,55224
2,60585
2,60280
2,54445
2,62120
2,63306
2,66087
2,66111
2,54122
2,56490
2,63922
2,64084
2,64257
2,81112
2,64869
2,67858
2,67115
2,65766
2,61097
2,66631
2,59135
2,61978
2,60897
2,63895
2,75219
2,54470
2,67398
2,56062
2,61925
2,69888
2,64922
2,59369
2,61339
2,68469
2,61576
2,66465
2,65765
2,62434
2,76566
2,69169
2,56026
2,67237
2,63148
2,70870
2,62796
2,66336
2,69584
2,71537
2,61356
2,65834
2,65279
2,64535
2,76776
2,70120
2,61937
2,72976
2,79143
2,73839
2,61224
2,66543
2,75442
2,65712
2,71611
2,73407
2,65040
2,69518
2,53750
2,64974
2,68972
2,64135
2,78674
2,63499
2,68587
2,71578
2,78267
2,64018
2,77148
2,71519
2,66695
2,74047
2,72865
2,69002
2,72485
2,70341
2,72967
2,75842
2,80592
2,66603
2,83588
2,63291
2,72422
2,76251
2,74842
2,70452
2,72652
2,71354
2,70998
2,78319
2,75981
2,70857
2,78944
2,76106
2,78757
2,77964
2,70794
2,72260
2,78919
2,78356
2,75320
2,76132
2,82053
2,72827
2,78639
2,75011
2,75052
2,81752
2,80502
2,80560
2,83136
2,76829
2,80250
2,75403
2,78690
2,76533
2,77782
2,80386
2,73432
2,88098
2,72718
2,71788
2,83761
2,82039
2,81312
2,81443
2,78349
2,74033
2,79007
2,75350
2,83719
2,78216
2,74930
2,77557
2,81335
2,76557
2,75369
2,80804
2,80914
2,77258
2,77541
2,81160
2,72862
2,73167
2,76714
2,79340
2,82063
2,87985
2,84997
2,80008
2,80812
2,75993
2,81012
2,79759
2,82914
2,77261
2,84091
2,89254
2,81142
2,83790
2,85327
2,79965
2,83186
2,82222
2,82741
2,78481
2,82561
2,85021
2,89878
2,87510
2,93571
2,79059
2,87347
2,83992
2,94114
2,79213
2,79144
2,80434
2,72899
2,80977
2,79897
2,84532
2,85575
2,93333
2,88789
2,81238
2,79715
2,86751
2,77774
2,93616
2,90439
2,82279
2,76141
2,91558
2,84298
2,91141
2,77060
2,82116
2,85219
2,85507
2,83101
2,88545
2,80171
2,84875
2,86266
2,88314
2,89377
2,80272
2,78301
2,92436
2,87785
2,82456
2,94029
2,86926
2,92318
2,86832
2,96872
2,95418
2,85469
2,91643
2,90084
2,93772
2,82175
2,90501
2,92433
2,78417
2,81364
2,77153
2,86071
2,91074
2,95066
2,87993
2,95833
2,80856
2,79306
2,87612
2,89876
2,87858
2,77749
2,87705
2,81693
2,91628
2,90176
2,83707
2,85901
2,83237
2,88282
2,93433
2,83790
2,91300
2,86190
2,84937
2,88427
2,83846
2,86313
2,83151
2,99023
2,89434
2,85818
2,90444
2,88870
2,88384
2,92617
2,93390
2,87006
2,86835
2,88394
2,78315
2,82304
2,96768
2,98213
2,88797
2,92978
2,91705
2,105596
2,95852
2,89666
2,85580
2,82377
2,91478
2,86729
2,83450
2,87379
2,85254
2,99147
2,95168
2,90769
2,98257
2,91293
2,86647
2,98617
2,93743
2,85909
2,90190
2,86810
2,84320
3,95911
3,100872
3,84377
3,94230
3,88206
3,89068
3,88585
3,87270
3,91876
3,87522
3,93071
3,91510
3,90608
3,87307
3,89002
3,95704
3,94472
3,87120
3,92544
3,95844
3,83780
3,94883
3,88891
3,95096
3,88465
3,83295
3,84219
3,92634
3,93730
3,87946
3,95697
3,84233
3,92246
3,86556
3,89387
3,92919
3,88414
3,90828
3,97816
3,89934
3,97030
3,87236
3,95567
3,100158
3,80624
3,89030
3,95932
3,92062
3,94965
3,90120
3,93603
3,92422
3,99069
3,94532
3,94978
3,91259
3,90910
3,91213
3,95377
3,91328
3,94909
3,103865
3,97871
3,91912
3,99575
3,91555
3,83430
3,88606
3,84318
3,91940
3,93815
3,102130
3,95406
3,92701
3,97967
3,82788
3,95045
3,97744
3,86520
3,99654
3,95650
3,91904
3,97166
3,105377
3,94954
3,95307
3,91789
3,89858
3,98279
3,89867
3,94525
3,91798
3,96600
3,95893
3,99431
3,91711
3,92930
3,89404
3,92094
3,96219
3,98135
3,89756
3,98731
3,101178
3,96483
3,103816
3,90578
3,88240
3,85584
3,101973
3,97779
3,94244
3,95936
3,88923
3,106793
3,95224
3,95138
3,98232
3,97021
3,95748
3,90689
3,97011
3,104075
3,101404
3,102654
3,92143
3,89762
3,94091
3,95009
3,100212
3,86289
3,102408
3,93980
3,92645
3,89728
3,86523
3,98921
3,95181
3,88372
3,88354
3,93159
3,103190
3,93554
3,87343
3,93637
3,93509
3,81394
3,94613
3,93736
3,98377
3,104147
3,100540
3,93568
3,89384
3,107788
3,95222
3,94999
3,94813
3,95928
3,94219
3,92076
3,92213
3,94786
3,92236
3,91391
3,95490
3,93685
3,102481
3,81708
3,100422
3,101196
3,84600
3,93254
3,93111
3,87931
3,91080
3,89416
3,103730
3,99646
3,101325
3,98575
3,89320
3,92342
3,97410
3,88851
3,98525
3,93756
3,93081
3,98508
3,97172
3,93143
3,100741
3,89536
3,98018
3,97900
3,93383
3,96558
3,88668
3,99539
3,93990
3,92296
3,100150
3,91378
3,87853
3,87106
3,97914
3,88476
3,103646
3,84457
3,103342
3,95909
3,94363
3,92116
3,96829
3,94638
3,100335
3,95382
3,95555
3,92978
3,94503
3,96319
3,86220
3,88022
3,98470
3,95599
3,93816
3,94819
3,96455
3,92009
3,90807
3,95668
3,89787
3,96710
3,86145
3,99793
3,97000
3,95906
3,99528
3,102931
3,99664
3,85377
3,88171
3,91433
3,94676
3,97122
3,90893
3,95443
3,90719
3,91426
3,87437
3,89842
3,87686
3,89552
3,99686
3,89657
3,107552
3,96843
3,95287
3,90056
3,97835
3,91441
3,94915
3,107090
3,93795
3,100006
3,90729
3,94054
3,103068
3,91063
3,103245
3,97705
3,91338
3,97296
3,98981
3,97211
3,86234
3,90433
3,92814
3,93662
3,97121
3,94889
3,87306
3,95866
3,97000
3,96729
3,99316
3,98063
3,96172
3,93507
3,85534
3,95969
3,94840
3,95141
3,87380
3,88340
3,98992
3,93509
3,97095
3,93810
3,93797
3,98320
3,91028
3,94069
3,91257
3,91376
3,91982
3,94618
3,91093
3,99745
3,88973
3,92491
3,91205
3,100618
3,94344
3,98499
3,85891
3,94633
3,97724
3,93665
3,98559
3,90624
3,100235
3,104660
3,91329
3,90894
3,100366
3,100974
3,90439
3,90930
3,91599
3,86263
3,88369
3,87918
3,89076
4,92719
4,94040
4,100598
4,87830
4,97719
4,91704
4,92503
4,96100
4,87088
4,94590
4,93486
4,95091
4,94051
4,104857
4,89367
4,89876
4,89390
4,89704
4,89269
4,98376
4,99509
4,89527
4,88194
4,94687
4,89544
4,95444
4,93268
4,84649
4,99940
4,101156
4,89087
4,90186
4,93528
4,93745
4,95339
4,102071
4,91109
4,87976
4,85044
4,88260
4,91722
4,100834
4,89246
4,92926
4,91698
4,97696
4,104361
4,89045
4,89225
4,96866
4,95027
4,100824
4,94483
4,89739
4,94462
4,97024
4,95555
4,93962
4,96731
4,97216
4,98253
4,94558
4,90451
4,91992
4,97263
4,87117
4,93017
4,89179
4,91261
4,97481
4,92016
4,91264
4,84205
4,94707
4,94174
4,101734
4,89351
4,91957
4,92079
4,98691
4,90298
4,92141
4,93756
4,91621
4,88427
4,91600
4,95969
4,85439
4,91208
4,87013
4,96460
4,82839
4,87631
4,92283
4,98195
4,90009
4,87532
4,99685
4,83010
4,79226
4,92391
4,87651
4,85025
4,93644
4,91291
4,87222
4,83612
4,94346
4,93205
4,89428
4,99127
4,84514
4,82207
4,86345
4,89547
4,90962
4,88509
4,91446
4,83398
4,96844
4,89185
4,95152
4,91249
4,91789
4,92325
4,91684
4,92629
4,96031
4,90338
4,92871
4,88847
4,96466
4,85853
4,98210
4,88974
4,81991
4,89756
4,85680
4,93258
4,85762
4,86764
4,79517
4,86673
4,76785
4,80955
4,92646
4,92743
4,90911
4,83919
4,88485
4,88676
4,82872
4,96151
4,92990
4,87469
4,88678
4,89555
4,78275
4,87218
4,85014
4,83385
4,86958
4,97322
4,91508
4,85418
4,91107
4,95211
4,92807
4,88452
4,84890
4,91585
4,90032
4,92511
4,91181
4,93223
4,85269
4,94503
4,88874
4,98233
4,84381
4,96477
4,88757
4,84481
4,85289
4,86077
4,89770
4,90234
4,84722
4,87439
4,98243
4,96140
4,89655
4,87634
4,88015
4,90453
4,82242
4,86040
4,78955
4,89265
4,90476
4,84795
4,95052
4,81024
4,79802
4,88218
4,92302
4,95458
4,84715
4,92374
4,86759
4,86060
4,91313
4,90128
4,78956
4,94192
4,93682
4,83625
4,88704
4,89167
4,87972
4,83889
4,83254
4,86457
4,92420
4,89247
4,84648
4,90332
4,72203
4,92162
4,77692
4,84551
4,80737
4,79834
4,92085
4,83915
4,87959
4,85964
4,88557
4,86529
4,79703
4,91072
4,83595
4,78254
4,83870
4,93488
4,90209
4,84188
4,84158
4,84270
4,96236
4,87735
4,87950
4,90925
4,86941
4,84426
4,84714
4,85312
4,85458
4,89257
4,85853
4,89231
4,85139
4,85910
4,75501
4,90048
4,87174
4,90407
4,70910
4,95809
4,84644
4,90858
4,80093
4,88332
4,79977
4,82101
4,94766
4,84218
4,86235
4,89474
4,87578
4,85828
4,86877
4,97046
4,84717
4,85987
4,90212
4,90463
4,90848
4,88083
4,79152
4,93011
4,79089
4,86312
4,81005
4,84433
4,86375
4,86316
4,86797
4,92734
4,86911
4,83401
4,89420
4,90525
4,78419
4,87522
4,88020
4,83005
4,91350
4,83701
4,85058
4,83544
4,84467
4,78887
4,77148
4,92300
4,80073
4,79331
4,73501
4,81053
4,77613
4,92419
4,89239
4,80730
4,95413
4,89041
4,82489
4,71597
4,95530
4,77109
4,75812
4,89133
4,96201
4,90906
5,86786
5,86922
5,88198
5,87708
5,85302
5,84400
5,83548
5,80075
5,82424
5,75346
5,83302
5,78835
5,78243
5,84645
5,90689
5,88305
5,75845
5,78733
5,88370
5,78738
5,82512
5,86371
5,78764
5,84117
5,76906
5,80554
5,85146
5,75568
5,85721
5,83406
5,86253
5,84597
5,90284
5,84076
5,81290
5,84036
5,86128
5,83643
5,83589
5,79863
5,80047
5,76336
5,92085
5,77106
5,79849
5,79710
5,87765
5,81805
5,89507
5,79890
5,84642
5,79059
5,93952
5,77278
5,84755
5,86365
5,85255
5,82250
5,82518
5,83377
5,82414
5,87959
5,94184
5,80335
5,76265
5,82664
5,95996
5,79071
5,91278
5,91463
5,80299
5,85905
5,91195
5,81151
5,82022
5,80125
5,77953
5,79774
5,76895
5,83179
5,79153
5,84167
5,75213
5,84642
5,87150
5,73009
5,84844
5,89108
5,76917
5,91324
5,85053
5,79429
5,82672
5,85739
5,83324
5,85635
5,78336
5,83783
5,75866
5,82376
5,78411
5,79251
5,89108
5,88383
5,85971
5,77463
5,81342
5,88989
5,83631
5,94519
5,84890
5,83884
5,81378
5,83592
5,82163
5,86467
5,87712
5,79000
5,76275
5,73752
5,85476
5,77421
5,72176
5,84886
5,95411
5,82919
5,87146
5,83366
5,82466
5,87560
5,81518
5,84310
5,84587
5,79643
5,87949
5,82119
5,79221
5,85688
5,78519
5,83158
5,82978
5,88460
5,85411
5,82919
5,87141
5,90011
5,85856
5,83127
5,76524
5,77767
5,81575
5,80062
5,82184
5,83412
5,85786
5,82795
5,85590
5,83491
5,73302
5,78493
5,82480
5,77163
5,86223
5,90889
5,89341
5,82192
5,90725
5,84028
5,81612
5,80244
5,81812
5,81397
5,84204
5,84169
5,83395
5,85579
5,89363
5,88172
5,76015
5,70686
5,88143
5,76653
5,82380
5,77670
5,74527
5,86262
5,87368
5,80707
5,70652
5,80894
5,85603
5,76268
5,84598
5,83624
5,86616
5,84337
5,78894
5,89762
5,83007
5,83684
5,79175
5,81646
5,79460
5,83041
5,92486
5,77091
5,75905
5,91351
5,82972
5,80696
5,89265
5,81061
5,93243
5,87527
5,81723
5,94974
5,81184
5,87948
5,85760
5,90798
5,92124
5,84503
5,80602
5,86696
5,81035
5,94519
5,85162
5,82681
5,85460
5,77829
5,79736
5,90626
5,81369
5,79449
5,87397
5,90672
5,88369
5,89786
5,81053
5,77760
5,92407
5,83319
5,83711
5,91639
5,87812
5,87344
5,95923
5,81914
5,89806
5,85486
5,86579
5,92913
5,87845
5,88033
5,90740
5,83590
5,81255
5,80264
5,75693
5,95844
5,80084
5,84532
5,84293
5,87253
5,89833
5,90096
5,82918
5,85038
5,87327
5,84711
5,94032
5,88491
5,89752
5,89434
5,92029
5,87109
5,79763
5,88288
5,83076
5,83734
5,89353
5,92656
5,86616
5,88099
5,95111
5,87849
5,99700
5,89565
5,77980
5,90597
5,88784
5,93374
5,90339
5,86329
5,80948
5,86073
5,82915
5,84314
5,90210
5,95666
5,89341
5,81438
5,89692
5,93503
5,84523
5,86954
5,87750
5,83805
5,91024
5,87231
5,89987
5,83506
5,85810
5,91664
5,86243
5,96798
5,86220
5,89398
5,92994
5,81296
5,79641
5,80874
5,94873
5,85859
5,101468
5,85914
5,89717
5,96565
5,98944
5,99282
5,95076
5,94216
5,92119
6,93110
6,86524
6,85252
6,89388
6,88617
6,87265
6,93077
6,94436
6,90166
6,97176
6,84145
6,88951
6,86401
6,80718
6,89704
6,89576
6,97819
6,93473
6,85266
6,99726
6,96630
6,93504
6,89531
6,85936
6,88942
6,96317
6,100367
6,98732
6,88643
6,85561
6,91936
6,82462
6,92993
6,90713
6,89195
6,83626
6,94242
6,89085
6,85975
6,77539
6,91838
6,100914
6,100436
6,89921
6,89273
6,94706
6,87449
6,94028
6,96429
6,98813
6,92257
6,91820
6,88529
6,88866
6,91949
6,95000
6,97813
6,89312
6,100875
6,92139
6,93472
6,89926
6,81626
6,98252
6,97602
6,92597
6,94424
6,96756
6,86450
6,91705
6,98409
6,88254
6,96082
6,87920
6,97125
6,94704
6,86897
6,100887
6,91481
6,91194
6,96340
6,101172
6,90442
6,95923
6,97852
6,99267
6,96778
6,94155
6,91947
6,96611
6,90916
6,81766
6,98652
6,101086
6,84849
6,91713
6,99956
6,107246
6,97162
6,93517
6,96342
6,104232
6,94228
6,93563
6,95247
6,92996
6,98479
6,106092
6,99687
6,96913
6,96820
6,90568
6,102904
6,98205
6,97798
6,114772
6,100407
6,95261
6,96996
6,104978
6,99910
6,92261
6,104158
6,96331
6,109148
6,105293
6,97767
6,106520
6,100566
6,104603
6,102875
6,96333
6,97461
6,105942
6,99233
6,99004
6,96362
6,103371
6,111682
6,96148
6,101724
6,108782
6,101440
6,104219
6,96764
6,104337
6,101379
6,107364
6,108493
6,115625
6,105697
6,104550
6,104015
6,101401
6,104982
6,101937
6,104380
6,110251
6,98755
6,109613
6,110625
6,103576
6,93684
6,101382
6,111034
6,104563
6,99810
6,102412
6,109268
6,107929
6,104132
6,103623
6,103630
6,101109
6,113931
6,104375
6,112206
6,113861
6,111381
6,104366
6,108678
6,106674
6,102413
6,108690
6,101310
6,113282
6,105159
6,108626
6,109176
6,106605
6,110973
6,105805
6,112678
6,101733
6,109237
6,118442
6,103889
6,105645
6,111747
6,110220
6,111220
6,112059
6,112932
6,115453
6,112101
6,108993
6,113710
6,119995
6,109981
6,105921
6,116479
6,110492
6,100381
6,115633
6,108871
6,111247
6,113512
6,112958
6,115707
6,110136
6,115034
6,111326
6,116474
6,116013
6,108415
6,118680
6,110728
6,117606
6,115561
6,123075
6,112926
6,112457
6,114267
6,113010
6,118687
6,106768
6,109744
6,109837
6,120091
6,124057
6,115147
6,114990
6,116350
6,121976
6,111697
6,117693
6,121545
6,119342
6,117954
6,122181
6,103829
6,120905
6,114416
6,108705
6,120586
6,125071
6,117689
6,123314
6,126785
6,125473
6,127273
6,122960
6,119803
6,111592
6,118549
6,115741
6,130990
6,119435
6,121110
6,123431
6,121072
6,129510
6,118103
6,122372
6,117869
6,115164
6,118889
6,121947
6,120170
6,119040
6,115656
6,122459
6,115537
6,127049
6,123848
6,116337
6,122268
6,120242
6,125789
6,131086
6,115199
6,125342
6,124158
6,128509
6,126411
6,121779
6,124138
6,121949
6,131504
6,126427
6,136023
6,126411
6,123370
6,119542
6,118293
6,119588
6,129044
6,130453
6,120204
6,132787
6,126099
6,129451
6,136981
6,133608
6,127985
6,125077
6,118980
6,126349
6,129096
6,125423
6,129910
6,131159
6,129859
6,127943
6,132247
6,133824
6,126373
6,139091
6,131756
6,132556
6,136217
6,134056
6,137870
7,134755
7,130473
7,135559
7,128250
7,134729
7,134238
7,133582
7,134199
7,125652
7,132538
7,135967
7,136523
7,130808
7,142497
7,132061
7,141463
7,138976
7,133834
7,146168
7,131549
7,142340
7,142974
7,134846
7,145390
7,137407
7,140330
7,140419
7,138676
7,143633
7,143779
7,131301
7,146799
7,132199
7,145908
7,146614
7,135761
7,139398
7,136161
7,140852
7,140624
7,146301
7,149194
7,149861
7,140312
7,142318
7,135188
7,139818
7,148915
7,152412
7,138406
7,141860
7,144936
7,146714
7,141512
7,147927
7,143685
7,146231
7,149283
7,146833
7,144870
7,146754
7,147112
7,145955
7,146764
7,156304
7,151370
7,147342
7,152559
7,147661
7,155452
7,151691
7,149564
7,152598
7,142763
7,145243
7,145167
7,152112
7,160321
7,163077
7,155373
7,154951
7,143705
7,150261
7,149301
7,150401
7,152931
7,151678
7,144409
7,158313
7,149479
7,156308
7,165752
7,151056
7,143273
7,154766
7,161973
7,166534
7,150868
7,159774
7,155239
7,157311
7,171339
7,150880
7,159941
7,161289
7,164658
7,159999
7,161330
7,158112
7,161697
7,158918
7,164025
7,159352
7,163370
7,161623
7,167685
7,162084
7,153762
7,169224
7,158674
7,160223
7,160803
7,170943
7,153683
7,180342
7,170225
7,166354
7,165256
7,167252
7,168725
7,169640
7,169488
7,167455
7,166317
7,166846
7,166926
7,173869
7,171467
7,154098
7,172381
7,170377
7,169612
7,168066
7,175933
7,175355
7,167058
7,173264
7,166677
7,164944
7,169017
7,176771
7,177534
7,175643
7,177014
7,176281
7,170804
7,176484
7,178640
7,178723
7,181211
7,179123
7,177655
7,181565
7,176399
7,172440
7,176353
7,173763
7,174432
7,177406
7,174488
7,177232
7,169627
7,180485
7,179749
7,175982
7,183690
7,185407
7,173009
7,177561
7,177857
7,177332
7,186509
7,181723
7,181700
7,173335
7,186864
7,177824
7,184654
7,186076
7,191828
7,178816
7,170600
7,186954
7,195375
7,192906
7,188099
7,184933
7,191768
7,183206
7,190798
7,191286
7,194404
7,203246
7,191754
7,187593
7,190357
7,181987
7,187707
7,189482
7,189258
7,192990
7,188467
7,198536
7,193284
7,193590
7,192350
7,195120
7,198825
7,190720
7,192121
7,194250
7,189398
7,192389
7,194464
7,201577
7,198879
7,198896
7,202545
7,197966
7,200969
7,198866
7,201074
7,197199
7,188285
7,200176
7,208329
7,206215
7,206781
7,208505
7,203138
7,204054
7,200351
7,202232
7,207266
7,210581
7,204240
7,203062
7,205693
7,209074
7,199227
7,195345
7,204453
7,201483
7,205427
7,207611
7,206466
7,216378
7,211134
7,211388
7,213383
7,204964
7,216241
7,211055
7,215175
7,206853
7,204834
7,217083
7,215267
7,209268
7,209823
7,220192
7,209013
7,223569
7,211249
7,219341
7,214904
7,219962
7,214625
7,216931
7,218351
7,213537
7,222654
7,216787
7,218614
7,215190
7,207756
7,220019
7,233444
7,225712
7,222101
7,221292
7,223129
7,226163
7,217935
7,229823
7,228241
7,228669
7,227685
7,226006
7,229689
7,229701
7,225389
7,224710
7,228506
7,236162
7,222643
7,221922
7,230506
7,230360
7,231396
7,232174
7,230264
7,239255
7,224229
7,228518
7,232573
7,225303
7,233070
7,242688
7,234916
7,236398
7,229377
7,233030
7,234671
7,235394
7,243828
7,240645
7,232737
7,239966
7,241664
7,245315
7,247958
7,235422
8,236886
8,235096
8,240658
8,244605
8,247656
8,242786
8,242015
8,244821
8,240336
8,255409
8,237374
8,246788
8,256435
8,246804
8,246274
8,245891
8,247232
8,255455
8,237989
8,257173
8,242845
8,249091
8,248739
8,254289
8,243818
8,254583
8,262857
8,246384
8,254614
8,250822
8,256728
8,255162
8,252328
8,258444
8,265496
8,255991
8,261017
8,251424
8,253582
8,261200
8,266734
8,261568
8,258701
8,260741
8,254971
8,264724
8,266594
8,260403
8,260795
8,264957
8,261927
8,264264
8,275579
8,264331
8,264261
8,263303
8,270750
8,266612
8,264761
8,275106
8,276089
8,266481
8,260644
8,275509
8,267543
8,275415
8,262109
8,276920
8,266899
8,277108
8,274026
8,269686
8,272922
8,278892
8,276493
8,279390
8,286855
8,269658
8,286072
8,279016
8,274509
8,272860
8,279077
8,285142
8,280408
8,289114
8,274816
8,282526
8,276840
8,285436
8,288570
8,282549
8,272151
8,286686
8,288396
8,288755
8,293435
8,282424
8,291704
8,294790
8,280460
8,291478
8,287887
8,290528
8,293203
8,289559
8,289147
8,293228
8,288154
8,288694
8,298055
8,289449
8,299061
8,298579
8,288175
8,293955
8,303853
8,293517
8,296642
8,301817
8,303966
8,299336
8,298150
8,308796
8,310925
8,307672
8,303753
8,299834
8,300273
8,307589
8,307620
8,313089
8,309887
8,299674
8,313004
8,303310
8,306938
8,310667
8,319953
8,326084
8,314129
8,310741
8,314892
8,317221
8,311744
8,322888
8,315629
8,317534
8,318943
8,318290
8,320946
8,314236
8,315102
8,312965
8,321236
8,323508
8,322477
8,329136
8,321313
8,325262
8,317038
8,321141
8,327135
8,328484
8,323351
8,325045
8,318398
8,324787
8,331610
8,330621
8,330836
8,329170
8,329546
8,326800
8,334187
8,333389
8,334338
8,329842
8,322300
8,339148
8,331865
8,330543
8,338923
8,334095
8,341955
8,340342
8,341277
8,331633
8,345126
8,340978
8,338431
8,341601
8,332611
8,344144
8,337564
8,336558
8,336321
8,350109
8,342012
8,353441
8,343709
8,338467
8,342039
8,354418
8,348079
8,346737
8,350899
8,353230
8,356930
8,359209
8,350793
8,346587
8,351776
8,355772
8,350280
8,350942
8,358077
8,356746
8,357785
8,354462
8,357736
8,354902
8,364610
8,365972
8,352202
8,357424
8,355229
8,360102
8,363576
8,357388
8,360670
8,360904
8,367605
8,367562
8,364254
8,369395
8,366426
8,368451
8,378828
8,377815
8,365268
8,376568
8,377131
8,367989
8,378480
8,382734
8,370090
8,371775
8,382111
8,379042
8,381104
8,380713
8,381628
8,373708
8,386243
8,387522
8,381195
8,382794
8,376026
8,386924
8,387885
8,385387
8,391994
8,385377
8,390546
8,383302
8,388960
8,388885
8,391563
8,389270
8,391142
8,396613
8,390982
8,385818
8,403285
8,402131
8,389450
8,400049
8,394775
8,399298
8,400143
8,398193
8,396139
8,397300
8,396867
8,397986
8,402507
8,399962
8,407651
8,412377
8,402742
8,407542
8,409547
8,410113
8,408838
8,412878
8,412283
8,404392
8,415636
8,416437
8,408896
8,413614
8,417554
8,413806
8,420932
8,428103
8,413071
8,410815
8,419958
8,422767
8,418727
8,427870
8,414634
8,425516
8,419747
8,432100
8,434193
8,421126
8,422941
8,430717
8,425215
8,427656
8,428743
8,419752
8,430017
8,427374
8,429095
8,439517
8,426756
8,437845
8,433126
8,433864
8,439958
8,438451
9,440350
9,443084
9,437335
9,436679
9,435064
9,437113
9,456738
9,448968
9,436743
9,437641
9,447419
9,448503
9,449269
9,446008
9,447416
9,450444
9,449996
9,439233
9,449944
9,447601
9,453501
9,468318
9,455997
9,453362
9,460308
9,458884
9,459344
9,461051
9,469074
9,453912
9,462711
9,456488
9,464676
9,458085
9,461372
9,462765
9,469903
9,470400
9,460364
9,467653
9,464617
9,462660
9,468657
9,468989
9,483457
9,474280
9,466020
9,470879
9,479605
9,485736
9,468162
9,467490
9,487044
9,480438
9,474950
9,482767
9,467719
9,481720
9,484148
9,487937
9,479054
9,485361
9,481115
9,487830
9,482889
9,486138
9,484014
9,493064
9,494917
9,490269
9,492452
9,485838
9,492403
9,494472
9,508650
9,490810
9,504516
9,503005
9,500251
9,508469
9,502366
9,503281
9,501901
9,509117
9,509315
9,501539
9,498907
9,505325
9,503178
9,507699
9,515044
9,507411
9,510326
9,511673
9,516470
9,501838
9,510886
9,515823
9,521616
9,514006
9,507933
9,521266
9,515844
9,513926
9,517608
9,520664
9,519420
9,512274
9,528647
9,531396
9,529141
9,521058
9,526603
9,528443
9,532335
9,533550
9,527406
9,532356
9,535103
9,540967
9,538083
9,539380
9,536728
9,544237
9,540111
9,534635
9,546836
9,544189
9,539366
9,540066
9,544830
9,546548
9,546105
9,547562
9,555393
9,553140
9,549626
9,554271
9,545294
9,553340
9,561291
9,552050
9,549799
9,551675
9,550387
9,552811
9,555784
9,551511
9,559521
9,564859
9,556715
9,569757
9,565622
9,569131
9,561599
9,570072
9,561252
9,572077
9,569400
9,572223
9,564496
9,566817
9,575198
9,568390
9,576369
9,568140
9,580141
9,570662
9,580513
9,581807
9,576123
9,583446
9,582769
9,579704
9,578289
9,574453
9,586949
9,578313
9,587551
9,586696
9,592349
9,588384
9,589189
9,595438
9,594399
9,595249
9,596962
9,587885
9,600296
9,600524
9,593330
9,598145
9,600122
9,600601
9,603898
9,610343
9,609553
9,598542
9,609174
9,613670
9,609922
9,614406
9,619978
9,616001
9,613096
9,618043
9,614512
9,614878
9,613973
9,624520
9,613585
9,626315
9,622129
9,613610
9,623424
9,612066
9,626674
9,628955
9,622551
9,627115
9,637254
9,625941
9,624164
9,637856
9,641251
9,632448
9,638480
9,641124
9,631699
9,633981
9,643560
9,646829
9,642218
9,636006
9,651342
9,639755
9,641739
9,646132
9,653198
9,650705
9,649519
9,650771
9,649684
9,653270
9,638846
9,651025
9,654731
9,648787
9,657493
9,655559
9,666379
9,666489
9,657319
9,659918
9,661328
9,660467
9,664728
9,660991
9,660160
9,669958
9,671025
9,664890
9,674424
9,667826
9,673287
9,677162
9,673932
9,677415
9,673602
9,676246
9,677244
9,675586
9,679482
9,673672
9,680009
9,682091
9,683286
9,684413
9,686366
9,690128
9,693160
9,686597
9,684889
9,686756
9,690591
9,692331
9,691305
9,689739
9,695006
9,699261
9,702398
9,697706
9,699500
9,698004
9,703554
9,700544
9,708728
9,698011
9,706221
9,710604
9,711099
9,724728
9,714095
9,708410
9,714039
9,706723
9,716290
9,713617
9,723450
9,717218
9,720475
9,718975
9,731943
9,722740
9,734607
9,730615
9,730055
9,730590
9,731819
9,721316
9,730665
9,737392
9,734030
9,728358
9,736233
9,746127
9,744954
9,739524
9,745707
9,740234
9,734665
9,739681
9,753238
10,745176
10,746452
10,747294
10,759439
10,759175
10,763267
10,752507
10,755911
10,747981
10,764082
10,751992
10,760051
10,754617
10,758297
10,758194
10,760481
10,761967
10,763064
10,771116
10,762571
10,770344
10,776479
10,768973
10,769100
10,772688
10,780892
10,777118
10,774647
10,780880
10,774107
10,784184
10,783981
10,781561
10,780070
10,780994
10,789267
10,793904
10,785741
10,792389
10,780832
10,789516
10,793457
10,790238
10,791280
10,793801
10,799779
10,798561
10,789487
10,791256
10,800009
10,806516
10,791676
10,804102
10,805158
10,815921
10,808245
10,813277
10,813262
10,803098
10,818788
10,817221
10,819884
10,838174
10,809323
10,829570
10,820713
10,824792
10,824334
10,823648
10,824129
10,829836
10,821814
10,834365
10,829745
10,827391
10,832008
10,841762
10,834019
10,839708
10,835483
10,844151
10,845013
10,852054
10,843160
10,848610
10,846986
10,854206
10,845365
10,853918
10,850454
10,852343
10,854360
10,856401
10,855798
10,858694
10,866754
10,865035
10,865698
10,860321
10,859401
10,869872
10,870727
10,874961
10,865831
10,868958
10,863164
10,870656
10,878859
10,872804
10,879599
10,876707
10,880543
10,874449
10,881880
10,867766
10,883056
10,877108
10,892562
10,891691
10,891412
10,897959
10,886886
10,901646
10,898849
10,894286
10,902429
10,892503
10,895196
10,897562
10,899247
10,897898
10,910586
10,904468
10,908817
10,905497
10,900541
10,912291
10,902677
10,913195
10,907997
10,926077
10,922000
10,919277
10,926373
10,917130
10,925388
10,924979
10,926612
10,932966
10,931581
10,930677
10,922276
10,927068
10,932574
10,934975
10,930179
10,949212
10,946060
10,942815
10,941492
10,941400
10,939031
10,945510
10,947744
10,941580
10,950796
10,949685
